trait	n_variants	n_populations	observed_statistic	directional_p	lower_tail_p	alt_loglik	null_loglik	populations_json	source_frequency_json	observed_frequency_json	expected_frequency_json
ea4	200	23	121.26236897	0.0069199308	0.99309007	-388900.53142528	-388961.16260977	"[""AFR__CAfr"", ""AFR__Biaka_All"", ""AFR__Bantu"", ""AFR__EAfr"", ""AFR__LWK.SG"", ""AFR__YRI.SG"", ""EAS__GROUP1"", ""EAS__CDX.SG"", ""EAS__CHB.SG"", ""EAS__GROUP2"", ""EAS__CHS.SG"", ""EAS__GROUP3"", ""EAS__JPT.SG"", ""EAS__KHV.SG"", ""SAS__BEB.SG"", ""SAS__GIH.SG"", ""SAS__AncSAS"", ""SAS__ITU.SG"", ""SAS__PJL.SG"", ""SAS__STU.SG"", ""SAM__AncSAm"", ""SAM__Mayan.DG"", ""SAM__PEL.SG""]"	[0.52708698, 0.52962094, 0.52684425]	[0.49711816, 0.52342995, 0.52042254, 0.50946597, 0.52379767, 0.53147076, 0.51720183, 0.52411815, 0.53088687, 0.5085665, 0.53231191, 0.50482094, 0.5343706, 0.53467277, 0.52610628, 0.52976852, 0.51455505, 0.52932265, 0.53154298, 0.53100244, 0.50500611, 0.51899972, 0.53268531]	[0.52702044, 0.52698335, 0.52729975, 0.52934048, 0.52734868, 0.52708688, 0.52882287, 0.52704672, 0.52858024, 0.52687563, 0.52809957, 0.527087, 0.52911432, 0.52728945, 0.52717142, 0.52757934, 0.52936324, 0.52724241, 0.52778582, 0.52713135, 0.52708946, 0.5273253, 0.52759306]
iq	295	23	104.37046600	0.01704983	0.98296017	-560652.78288976	-560704.96812276	"[""AFR__CAfr"", ""AFR__Biaka_All"", ""AFR__Bantu"", ""AFR__EAfr"", ""AFR__LWK.SG"", ""AFR__YRI.SG"", ""EAS__GROUP1"", ""EAS__CDX.SG"", ""EAS__CHB.SG"", ""EAS__GROUP2"", ""EAS__CHS.SG"", ""EAS__GROUP3"", ""EAS__JPT.SG"", ""EAS__KHV.SG"", ""SAS__BEB.SG"", ""SAS__GIH.SG"", ""SAS__AncSAS"", ""SAS__ITU.SG"", ""SAS__PJL.SG"", ""SAS__STU.SG"", ""SAM__AncSAm"", ""SAM__Mayan.DG"", ""SAM__PEL.SG""]"	[0.51142683, 0.51559693, 0.51100209]	[0.4784264, 0.50547744, 0.54111675, 0.50328176, 0.50876134, 0.51213181, 0.51478581, 0.50916, 0.51473611, 0.5300452, 0.5145442, 0.51949905, 0.51189035, 0.51208744, 0.50872056, 0.51281737, 0.52953725, 0.51014199, 0.51450553, 0.51660153, 0.51899009, 0.49099867, 0.5096288]	[0.51129533, 0.51124549, 0.51177402, 0.51513371, 0.51185635, 0.51142653, 0.51427792, 0.51133719, 0.51387479, 0.51105596, 0.51307938, 0.51142686, 0.51476132, 0.5117389, 0.51156579, 0.51223709, 0.51517283, 0.51168262, 0.51257691, 0.51149984, 0.51143091, 0.51181903, 0.51225968]
