trait	n_variants	n_populations	observed_statistic	directional_p	lower_tail_p	alt_loglik	null_loglik	populations_json	source_frequency_json	observed_frequency_json	expected_frequency_json
ea4	200	23	34.65720931	0.088069119	0.91194088	-389739.09063835	-389756.41924301	"[""AFR__CAfr"", ""AFR__Biaka_All"", ""AFR__Bantu"", ""AFR__EAfr"", ""AFR__LWK.SG"", ""AFR__YRI.SG"", ""EAS__GROUP1"", ""EAS__CDX.SG"", ""EAS__CHB.SG"", ""EAS__GROUP2"", ""EAS__CHS.SG"", ""EAS__GROUP3"", ""EAS__JPT.SG"", ""EAS__KHV.SG"", ""SAS__BEB.SG"", ""SAS__GIH.SG"", ""SAS__AncSAS"", ""SAS__ITU.SG"", ""SAS__PJL.SG"", ""SAS__STU.SG"", ""SAM__AncSAm"", ""SAM__Mayan.DG"", ""SAM__PEL.SG""]"	[0.52999044, 0.50881848, 0.50021964, 0.50172491, 0.53718055, 0.52573046, 0.53098411, 0.51729145, 0.50509783, 0.64366244]	[0.49598518, 0.52342995, 0.52042254, 0.51040681, 0.52379767, 0.53147076, 0.51757861, 0.52411815, 0.53088687, 0.5085665, 0.53231191, 0.50482094, 0.5343706, 0.53467277, 0.52610628, 0.52976852, 0.51455505, 0.52932265, 0.53154298, 0.53100244, 0.505023, 0.51899972, 0.53268531]	[0.5022056, 0.51727715, 0.52449131, 0.5089469, 0.5263441, 0.52983043, 0.53213559, 0.52651167, 0.53288546, 0.52375632, 0.5309033, 0.5017255, 0.5321281, 0.52745554, 0.53052782, 0.52832358, 0.51868399, 0.53014422, 0.52720779, 0.53074437, 0.50523199, 0.51813016, 0.53277201]
iq	304	23	59.19747850	0.0075799242	0.99243008	-571963.36385761	-571992.96259686	"[""AFR__CAfr"", ""AFR__Biaka_All"", ""AFR__Bantu"", ""AFR__EAfr"", ""AFR__LWK.SG"", ""AFR__YRI.SG"", ""EAS__GROUP1"", ""EAS__CDX.SG"", ""EAS__CHB.SG"", ""EAS__GROUP2"", ""EAS__CHS.SG"", ""EAS__GROUP3"", ""EAS__JPT.SG"", ""EAS__KHV.SG"", ""SAS__BEB.SG"", ""SAS__GIH.SG"", ""SAS__AncSAS"", ""SAS__ITU.SG"", ""SAS__PJL.SG"", ""SAS__STU.SG"", ""SAM__AncSAm"", ""SAM__Mayan.DG"", ""SAM__PEL.SG""]"	[0.5194393, 0.50723513, 0.48141974, 0.52298753, 0.51922731, 0.51885011, 0.51726432, 0.53124607, 0.51839928, 0.48978408]	[0.47395172, 0.51088857, 0.5479723, 0.50589232, 0.51511813, 0.51843743, 0.51427574, 0.51526401, 0.52142075, 0.53192044, 0.52060547, 0.5236403, 0.5182951, 0.5182095, 0.51524505, 0.51879026, 0.53129025, 0.51596489, 0.52078522, 0.52273042, 0.52328281, 0.49558418, 0.51538299]	[0.4845923, 0.50320361, 0.51382835, 0.50556981, 0.51637991, 0.51924156, 0.51941153, 0.51888643, 0.51908653, 0.51919964, 0.51902123, 0.52298745, 0.51964488, 0.51892876, 0.51773025, 0.51998103, 0.52982413, 0.51812195, 0.52112037, 0.51750913, 0.51837158, 0.51570796, 0.51268424]
