trait	n_variants	n_populations	observed_statistic	directional_p	lower_tail_p	alt_loglik	null_loglik	populations_json	source_frequency_json	observed_frequency_json	expected_frequency_json
gfp	41	23	118.73978778	0.0029199708	0.99709003	-79026.30045085	-79085.67034474	"[""AFR__CAfr"", ""AFR__Biaka_All"", ""AFR__Bantu"", ""AFR__EAfr"", ""AFR__LWK.SG"", ""AFR__YRI.SG"", ""EAS__GROUP1"", ""EAS__CDX.SG"", ""EAS__CHB.SG"", ""EAS__GROUP2"", ""EAS__CHS.SG"", ""EAS__GROUP3"", ""EAS__JPT.SG"", ""EAS__KHV.SG"", ""SAS__BEB.SG"", ""SAS__GIH.SG"", ""SAS__AncSAS"", ""SAS__ITU.SG"", ""SAS__PJL.SG"", ""SAS__STU.SG"", ""SAM__AncSAm"", ""SAM__Mayan.DG"", ""SAM__PEL.SG""]"	[0.43755545, 0.4365647, 0.43645458]	[0.35263158, 0.43537015, 0.51459854, 0.42548476, 0.43088449, 0.43359979, 0.41826309, 0.43532595, 0.43359375, 0.39514624, 0.45330269, 0.3959276, 0.45256591, 0.44337548, 0.43993409, 0.43834439, 0.37863706, 0.45026113, 0.44010283, 0.4408284, 0.40799512, 0.45667125, 0.43775778]	[0.43654051, 0.43708533, 0.43733232, 0.43659558, 0.43739823, 0.43754944, 0.43661, 0.43646496, 0.43652358, 0.43654762, 0.43650452, 0.43755543, 0.43667392, 0.43647707, 0.43752243, 0.43736294, 0.43666545, 0.43749468, 0.43728221, 0.4375381, 0.43755448, 0.43746227, 0.43735758]
schizophrenia	523	23	570.23398994	9.9999e-06	1	-960044.23979734	-960329.35679231	"[""AFR__CAfr"", ""AFR__Biaka_All"", ""AFR__Bantu"", ""AFR__EAfr"", ""AFR__LWK.SG"", ""AFR__YRI.SG"", ""EAS__GROUP1"", ""EAS__CDX.SG"", ""EAS__CHB.SG"", ""EAS__GROUP2"", ""EAS__CHS.SG"", ""EAS__GROUP3"", ""EAS__JPT.SG"", ""EAS__KHV.SG"", ""SAS__BEB.SG"", ""SAS__GIH.SG"", ""SAS__AncSAS"", ""SAS__ITU.SG"", ""SAS__PJL.SG"", ""SAS__STU.SG"", ""SAM__AncSAm"", ""SAM__Mayan.DG"", ""SAM__PEL.SG""]"	[0.39066842, 0.38531067, 0.38750447]	[0.36437466, 0.3902792, 0.38380184, 0.37186142, 0.39293339, 0.38780136, 0.3516599, 0.38562897, 0.39056637, 0.35904635, 0.39039848, 0.37128367, 0.39755632, 0.39460017, 0.39507982, 0.38753923, 0.35968855, 0.39327078, 0.38871545, 0.39450128, 0.36699337, 0.3903031, 0.39726194]	[0.38760802, 0.38931726, 0.38978821, 0.38566145, 0.38994628, 0.39065004, 0.38617784, 0.38735171, 0.38613339, 0.38776196, 0.38651316, 0.39066834, 0.3861086, 0.38716759, 0.39048988, 0.38962739, 0.38585555, 0.39033978, 0.3891908, 0.39057461, 0.39066318, 0.39016451, 0.38959837]
