trait	n_variants	n_populations	observed_statistic	directional_p	lower_tail_p	alt_loglik	null_loglik	populations_json	source_frequency_json	observed_frequency_json	expected_frequency_json
gfp	39	23	106.42841117	0.0057399426	0.99427006	-75256.94456700	-75310.15877258	"[""AFR__CAfr"", ""AFR__Biaka_All"", ""AFR__Bantu"", ""AFR__EAfr"", ""AFR__LWK.SG"", ""AFR__YRI.SG"", ""EAS__GROUP1"", ""EAS__CDX.SG"", ""EAS__CHB.SG"", ""EAS__GROUP2"", ""EAS__CHS.SG"", ""EAS__GROUP3"", ""EAS__JPT.SG"", ""EAS__KHV.SG"", ""SAS__BEB.SG"", ""SAS__GIH.SG"", ""SAS__AncSAS"", ""SAS__ITU.SG"", ""SAS__PJL.SG"", ""SAS__STU.SG"", ""SAM__AncSAm"", ""SAM__Mayan.DG"", ""SAM__PEL.SG""]"	[0.43391559, 0.43384409, 0.43188783]	[0.35431655, 0.43263288, 0.5, 0.42323059, 0.42822663, 0.42870697, 0.41473125, 0.43054427, 0.43137506, 0.39101338, 0.45040692, 0.38981043, 0.44841663, 0.43823954, 0.43612335, 0.43587097, 0.37783868, 0.44626046, 0.43545774, 0.43843961, 0.40674228, 0.4536903, 0.43301812]	[0.43214629, 0.43304967, 0.43367148, 0.43371798, 0.43381481, 0.4339053, 0.43341276, 0.43203447, 0.43311116, 0.43206613, 0.43277251, 0.43391557, 0.4337072, 0.43220971, 0.43391321, 0.4339017, 0.43385136, 0.4339112, 0.43389587, 0.43391434, 0.43391552, 0.43390886, 0.43390131]
schizophrenia	523	23	570.23398994	9.9999e-06	1	-960044.23979734	-960329.35679231	"[""AFR__CAfr"", ""AFR__Biaka_All"", ""AFR__Bantu"", ""AFR__EAfr"", ""AFR__LWK.SG"", ""AFR__YRI.SG"", ""EAS__GROUP1"", ""EAS__CDX.SG"", ""EAS__CHB.SG"", ""EAS__GROUP2"", ""EAS__CHS.SG"", ""EAS__GROUP3"", ""EAS__JPT.SG"", ""EAS__KHV.SG"", ""SAS__BEB.SG"", ""SAS__GIH.SG"", ""SAS__AncSAS"", ""SAS__ITU.SG"", ""SAS__PJL.SG"", ""SAS__STU.SG"", ""SAM__AncSAm"", ""SAM__Mayan.DG"", ""SAM__PEL.SG""]"	[0.39066842, 0.38531067, 0.38750447]	[0.36437466, 0.3902792, 0.38380184, 0.37186142, 0.39293339, 0.38780136, 0.3516599, 0.38562897, 0.39056637, 0.35904635, 0.39039848, 0.37128367, 0.39755632, 0.39460017, 0.39507982, 0.38753923, 0.35968855, 0.39327078, 0.38871545, 0.39450128, 0.36699337, 0.3903031, 0.39726194]	[0.38760802, 0.38931726, 0.38978821, 0.38566145, 0.38994628, 0.39065004, 0.38617784, 0.38735171, 0.38613339, 0.38776196, 0.38651316, 0.39066834, 0.3861086, 0.38716759, 0.39048988, 0.38962739, 0.38585555, 0.39033978, 0.3891908, 0.39057461, 0.39066318, 0.39016451, 0.38959837]
